{
  "project_info": {
    "project_number": "55936972031",
    "firebase_url": "https://mobileq-f0e85.firebaseio.com",
    "project_id": "mobileq-f0e85",
    "storage_bucket": "mobileq-f0e85.appspot.com"
  },
  "client": [
    {
      "client_info": {
        "mobilesdk_app_id": "1:55936972031:android:440be195ed775944",
        "android_client_info": {
          "package_name": "com.example.dell.mobileq"
        }
      },
      "oauth_client": [
        {
          "client_id": "55936972031-4db1te1elijgj854cj3p53durk27v6oi.apps.googleusercontent.com",
          "client_type": 1,
          "android_info": {
            "package_name": "com.example.dell.mobileq",
            "certificate_hash": "2a38343404e0f1bf70e372ca1c9ad3aba0222823"
          }
        }
      ],
      "api_key": [
        {
          "current_key": "AIzaSyAvOORjtjt6sa7ek-xDBXOQeovFPFXYBIU"
        }
      ],
      "services": {
        "appinvite_service": {
          "other_platform_oauth_client": [
            {
              "client_id": "55936972031-64umjmf5nb6dll06d6fs0c6d1m610t5o.apps.googleusercontent.com",
              "client_type": 3
            }
          ]
        }
      }
    }
  ],
  "configuration_version": "1"
}